model,macro_f1,mcc,accuracy,precision,recall,false_positive_rate,false_negative_rate,roc_auc,ece,tp,fp,tn,fn
LinearSVC,0.4904498490000355,0.3076098868620654,0.5150669892906753,0.23430999537744907,0.9834340720841728,0.5676644654461096,0.016565927915827176,0.9338114904378567,0.464372894866818,13179,43067,32800,222
IsolationForest,0.8005278833426249,0.6043255312539754,0.8910359815387373,0.6167386883579055,0.7241996865905529,0.07949437831995466,0.27580031340944705,0.8397154415441046,0.09585520603038353,9705,6031,69836,3696
HybridStack,0.9707347668948798,0.942222640012649,0.9846417529237801,0.9197487787857641,0.9835086933810909,0.015158105632224814,0.016491306618909036,0.9980907007066072,0.013628867705214744,13180,1150,74717,221
