category,HybridStack,IsolationForest,LinearSVC
BENIGN,0.9848418943677751,0.9205056216800453,0.43233553455389034
Brute Force,0.9836065573770492,0.0,1.0
DDoS,0.9986330794766647,0.613161491896114,0.9996094512790471
DoS,0.9743225806451613,0.8454193548387097,0.9721290322580645
PortScan,0.9615384615384616,0.16666666666666666,1.0
Web Attack,0.9302325581395349,0.0,0.9534883720930233
