category,HybridStack,IsolationForest,LinearSVC
BENIGN,0.9941212912069807,0.9209801362911411,0.9947144344708503
Bot,0.0,0.034482758620689655,0.0
Brute Force,0.0,0.0,0.0
DDoS,0.6350322202694786,0.5118140988088264,0.6350322202694786
DoS,0.8486451612903226,0.7849032258064517,0.8458064516129032
Infiltration,0.0,1.0,0.0
PortScan,0.01282051282051282,0.08974358974358974,0.01282051282051282
Web Attack,0.0,0.0,0.0
