held_out_category,novel_recall,known_attack_recall,true_negative_rate,overall_macro_f1,overall_mcc,overall_fpr
DoS,0.08980645161290322,0.9900902495133604,0.9918146229585986,0.7852724372118094,0.6164370480682312,0.0081853770414014
DDoS,0.5000976371802383,0.9687198067632851,0.9873330960760278,0.911924947415311,0.8271090257812356,0.012666903923972215
PortScan,0.10256410256410256,0.9783832470164378,0.9875571724201563,0.9719234290858715,0.9441530462541767,0.012442827579843673
Brute Force,0.01092896174863388,0.9785960874568469,0.9879657822241554,0.9661708794683115,0.9324083607988267,0.01203421777584457
Web Attack,0.023255813953488372,0.9797221179121292,0.988677554140799,0.973779103582404,0.9477873346006226,0.01132244585920097
